bookingId,customerId,roomNumber,checkInDate,checkOutDate,status,totalAmount
B1001,C1001,101,2026-09-10,2026-09-12,CHECKED_OUT,3150.00
B1002,C1002,201,2026-09-11,2026-09-14,CHECKED_OUT,7875.00
B1003,C1003,301,2026-09-12,2026-09-14,CHECKED_OUT,8400.00
B1004,C1004,102,2026-09-14,2026-09-16,CANCELLED,3150.00
B1005,C1005,202,2026-09-16,2026-09-19,CHECKED_IN,7875.00
B1006,C1006,103,2026-09-16,2026-09-18,CHECKED_IN,3150.00
B1007,C1007,302,2026-09-20,2026-09-23,CONFIRMED,12600.00
B1008,C1008,101,2026-09-22,2026-09-25,CONFIRMED,4725.00
B1009,C1009,201,2026-09-17,2027-09-19,CHECKED_IN,963375.00
